Method Name,ROC_AUC,TPR at 1% FPR
Random Forest,0.8760128734792633,0.12164689935615046
DNAGPT,0.8832446074264582,0.08066599827088926
Cosine Similarity,0.5806533931983465,0.011138597676598158
SVM,0.840853472588015,0.08403098229192325
Edit Distance,0.7728516887891138,0.03957883800847122
