Method Name,ROC_AUC,TPR at 1% FPR
Random Forest,0.7183386217557561,0.02887333849075181
DNAGPT,0.714993094642485,0.013560037523452162
Cosine Similarity,0.5758351573900354,0.01129749061913696
SVM,0.7161652707176324,0.026432972110677157
Edit Distance,0.6058018032103398,0.007790806754221386
